_id,firstName,lastName,email,role,department,password,__v
6706701a98ac07710c36aea3,Keenan,Towne,Keira.Goyette65@yahoo.com,employee,Data Science,PRicFhWmkTHptQU,0
6706701a98ac07710c36aea4,Meta,Schaden,Percival35@hotmail.com,admin,Data Science,K2Xz5ONi8NSpbBs,0
6706701a98ac07710c36aea5,Wilber,Hartmann,Albin.Hyatt@gmail.com,employee,Data Engineering,o_DnHccmyViyO9m,0
6706701a98ac07710c36aea6,Christiana,Crist,Bonnie47@hotmail.com,admin,Data Engineering,rNzw6r7gKvSmzAK,0
6706701a98ac07710c36aea7,Madyson,Kshlerin,Trevion.Hammes50@hotmail.com,employee,Full Stack,EHd_8wvkUHSStI1,0
6706701a98ac07710c36aea8,Leilani,Dibbert,Dudley.Deckow@hotmail.com,admin,Data Engineering,vIrNf6PF5dQsozb,0
6706701a98ac07710c36aea9,Eunice,Quitzon,Adolf68@hotmail.com,admin,Full Stack,oE239nzN9KJG5fL,0
6706701a98ac07710c36aeaa,Tyra,Raynor,Quentin_Heaney@hotmail.com,employee,Data Science,r2nsIZeEGhJ6g_1,0
6706701a98ac07710c36aeab,Dora,Kshlerin,Marcelino.Schinner@gmail.com,employee,Full Stack,UDaHiVbD36B7vx3,0
6706701a98ac07710c36aeac,Millie,Kuhlman,Dewitt_Bahringer-Pouros47@hotmail.com,admin,Data Science,eCgfyHl_NV76DtM,0
6706701a98ac07710c36aead,Korey,Smith,Vicenta_Kuhic86@hotmail.com,admin,Full Stack,R8HpEsnA2_w4l5K,0
6706701a98ac07710c36aeae,Marilie,Krajcik,Friedrich.Zulauf@yahoo.com,admin,Full Stack,0jvCNVk_YtMDXiW,0
6706701a98ac07710c36aeaf,Nannie,Yost,Isabella_Bahringer@hotmail.com,admin,Data Science,IF646F2ZZ5_71b1,0
6706701a98ac07710c36aeb0,Roberto,Graham,Sadye_Beatty30@hotmail.com,admin,Full Stack,NkrYkYzf3q2_JL1,0
6706701a98ac07710c36aeb1,Amelia,Gerlach-Ledner,Wilber_Wisoky55@yahoo.com,employee,Data Engineering,gp0_uajABfSQPLR,0
6706701a98ac07710c36aeb2,Damon,Bayer,Kelton_Rowe@gmail.com,employee,Full Stack,pI5fuX85ANVNeYr,0
6706701a98ac07710c36aeb3,Chad,Thiel,Katlynn_Herzog90@yahoo.com,admin,Data Engineering,t05wMGlgEEhPrVO,0
6706701a98ac07710c36aeb4,Joanny,Cummerata-Veum,Sienna24@yahoo.com,admin,Data Engineering,FFs5PZY_4Hnn6yR,0
6706701a98ac07710c36aeb5,Ignatius,Jakubowski,Omari_Pfannerstill6@yahoo.com,admin,Data Engineering,4nlB4kckxvkCqV8,0
6706701a98ac07710c36aeb6,Giovanny,Braun,Lewis.Crona@hotmail.com,admin,Data Science,dW846lVqftDlR3c,0
6706701a98ac07710c36aeb7,Cecile,Erdman,Ayla2@hotmail.com,employee,Full Stack,vnzNETBtcBUCWy4,0
6706701a98ac07710c36aeb8,Kamron,Trantow,Kayla.Rolfson29@yahoo.com,employee,Full Stack,3G3WCvzg1gCoEpQ,0
6706701a98ac07710c36aeb9,Kellen,Wilkinson,Irwin_DAmore89@hotmail.com,admin,Full Stack,LJAxgw6pm1Fy5LA,0
6706701a98ac07710c36aeba,Demond,Barton,Murphy_DAmore@gmail.com,admin,Data Science,xiEOba9GP0Qay1y,0
6706701a98ac07710c36aebb,Maxine,Cartwright,Kaley_Padberg@hotmail.com,employee,Data Engineering,PhObDmfKTHPS29R,0
6706701a98ac07710c36aebc,Zander,Bode,Ellen.Cruickshank@yahoo.com,admin,Data Engineering,ue1nTCjSfU_gBlc,0
6706701a98ac07710c36aebd,Raphaelle,Powlowski,Devonte_Romaguera@gmail.com,employee,Data Engineering,5SdtEt3EW_cz0xy,0
6706701a98ac07710c36aebe,Penelope,MacGyver,Elian95@gmail.com,employee,Data Engineering,DKcE4ZvORj3B1IT,0
6706701a98ac07710c36aebf,Melany,Wolff,Kylee_Windler1@yahoo.com,admin,Data Science,qHQJM4v5N5Gcxob,0
6706701a98ac07710c36aec0,Eda,Cassin,Jeramie.Koss@gmail.com,employee,Data Science,EOYbiv7w56RlaXG,0
6706701a98ac07710c36aec1,Retha,Stark,Eugenia47@hotmail.com,admin,Data Science,PkWkQ4VI1uybMSN,0
6706701a98ac07710c36aec2,Loy,Kulas,Zachary22@gmail.com,employee,Data Engineering,U_AevUQwpcKmz6C,0
6706701a98ac07710c36aec3,Jasmin,Bailey,Jaquan39@hotmail.com,employee,Data Engineering,HuXNlTU71meNsi5,0
6706701a98ac07710c36aec4,Gertrude,Dibbert,Juanita_Mante@yahoo.com,employee,Full Stack,DPuMpoBsRhkW1sX,0
6706701a98ac07710c36aec5,Lavon,Lockman,Carolyne.Ebert70@hotmail.com,employee,Data Engineering,RacXpeo_mh8cJSm,0
6706701a98ac07710c36aec6,Aliyah,Lynch,Brooklyn77@gmail.com,admin,Full Stack,Z0U6yXqz7Bgxf74,0
6706701a98ac07710c36aec7,Raphaelle,Willms,Richmond96@gmail.com,employee,Data Engineering,pJYz52zVXpr9x62,0
6706701a98ac07710c36aec8,Charles,Corkery,Bella22@yahoo.com,admin,Full Stack,tXl37qunnbgmAIJ,0
6706701a98ac07710c36aec9,Tre,Nader,Lue97@yahoo.com,admin,Data Engineering,BIHsvPhzkv9IOUv,0
6706701a98ac07710c36aeca,Lelia,Collins,Bridgette35@hotmail.com,admin,Full Stack,aR9bcaLk08hs7uE,0
6706701a98ac07710c36aecb,Geovany,Jacobs,Peggie_Feeney@gmail.com,admin,Data Science,4FAmwzYkTdJF3Y7,0
6706701a98ac07710c36aecc,Cody,Kris,Theron62@hotmail.com,employee,Full Stack,fFO77C_Kskoo5kP,0
6706701a98ac07710c36aecd,Kyla,Barton,Van_Jacobson88@hotmail.com,employee,Data Science,PDNY1HWXcHkowID,0
6706701a98ac07710c36aece,Monte,Bayer,Sterling.Krajcik-Emard@gmail.com,employee,Data Science,T__1gtEN8t30oSY,0
6706701a98ac07710c36aecf,Melba,Mitchell,Freida_Johns58@yahoo.com,admin,Data Engineering,jXYgrcPkaPuSimD,0
6706701a98ac07710c36aed0,Hallie,Rau,Jillian22@gmail.com,employee,Full Stack,GIspV8I2wL3cUE7,0
6706701a98ac07710c36aed1,Bianka,Labadie,Brayan_Frami@hotmail.com,admin,Full Stack,XtzQhf9qluqtXXW,0
6706701a98ac07710c36aed2,Caesar,Pfannerstill,Calista.Kling@hotmail.com,employee,Data Science,sBhhFuay_6iI8Ar,0
6706701a98ac07710c36aed3,Alivia,Sawayn,Melyna.Romaguera58@hotmail.com,admin,Data Science,wHGQ1oBvQpL9Gk2,0
6706701a98ac07710c36aed4,Jayde,Ferry,Else.Simonis@gmail.com,admin,Data Engineering,QKpbKt2jUcot2ex,0
6706701a98ac07710c36aed5,Adalberto,Schimmel,Darrion72@yahoo.com,admin,Data Engineering,KeV6MUaK15MEDP6,0
6706701a98ac07710c36aed6,Pattie,McGlynn,Lavon_Koelpin92@hotmail.com,admin,Data Engineering,8wPaMANp_h3Ks2k,0
6706701a98ac07710c36aed7,Sammy,Kassulke,Stefanie.Boehm72@yahoo.com,admin,Data Engineering,ujuy0oxlKP0tbnr,0
6706701a98ac07710c36aed8,Marques,Denesik,Eda.Koepp77@gmail.com,admin,Data Science,DAaSo5z40qtvnJB,0
6706701a98ac07710c36aed9,Erin,Sporer,Brennon56@yahoo.com,employee,Full Stack,ok6PT91zJ2ecT5M,0
6706701a98ac07710c36aeda,Tyler,Considine,Nikki_Weissnat@yahoo.com,admin,Full Stack,ZKPR17yxhr6XHr3,0
6706701a98ac07710c36aedb,Diego,Shanahan,Scottie_Bernhard@yahoo.com,admin,Full Stack,FpCXjwGk0oLUGT_,0
6706701a98ac07710c36aedc,Kurt,Beier,Peyton_Kozey31@gmail.com,admin,Data Engineering,h9esIWCVEW3y_2e,0
6706701a98ac07710c36aedd,Warren,Erdman,Catherine_Cartwright79@gmail.com,employee,Data Science,xnCSk4TjyPME4wt,0
6706701a98ac07710c36aede,Kiel,Sporer,Edgar_Harris14@hotmail.com,admin,Full Stack,hhdOuRyVOPJ1oA2,0
6706701a98ac07710c36aedf,Salma,Crist,Shanon_Streich@hotmail.com,employee,Data Science,vGqI22H1p7Y79zK,0
6706701a98ac07710c36aee0,Freida,Ritchie,Fredy.Vandervort68@yahoo.com,admin,Data Engineering,OH3_cQa1TGnJy6H,0
6706701a98ac07710c36aee1,Mackenzie,Hand,Willa_Kuphal@yahoo.com,admin,Full Stack,9248I5NhuT7i2nE,0
6706701a98ac07710c36aee2,Lolita,Powlowski,Eloise_Medhurst15@gmail.com,admin,Full Stack,IirmMw9jVl64pOC,0
6706701a98ac07710c36aee3,Isaias,Collins,Preston_Kirlin24@hotmail.com,admin,Data Science,UtQUqBJnXaK7QKJ,0
6706701a98ac07710c36aee4,Adrian,Lindgren,Oren_Christiansen93@hotmail.com,admin,Full Stack,1OkFvmdmQxCmT5P,0
6706701a98ac07710c36aee5,Kelli,Hayes-Jenkins,Celestine91@gmail.com,employee,Full Stack,Z1i8Cttg6Vbdz84,0
6706701a98ac07710c36aee6,Amber,Nikolaus,Yasmine54@gmail.com,admin,Data Engineering,vTqgrLTNR8eU21a,0
6706701a98ac07710c36aee7,Benedict,Stokes,Gerda_Haag@hotmail.com,employee,Data Engineering,wExoYEZcicakYf7,0
6706701a98ac07710c36aee8,Caleb,Conn,Noelia.Larson53@gmail.com,employee,Data Engineering,YXs6w9nRk8vp9x8,0
6706701a98ac07710c36aee9,Sigurd,Feil,Fausto_Gusikowski79@hotmail.com,admin,Data Engineering,KPWWfVGGyJqmcbO,0
6706701a98ac07710c36aeea,Matilda,Murray,Brandyn_Wiegand35@hotmail.com,employee,Data Science,NiG8aw7MuRUee4Q,0
6706701a98ac07710c36aeeb,Shanny,Powlowski,Raphael.Schiller40@yahoo.com,admin,Full Stack,GbPFz6zy23ZLKWG,0
6706701a98ac07710c36aeec,Clinton,Wilderman,Laurie85@gmail.com,employee,Data Science,fVu0k4oBMbOZEWf,0
6706701a98ac07710c36aeed,Ernest,Bogisich,Odie77@gmail.com,employee,Data Science,UBigoqTDqMM90ps,0
6706701a98ac07710c36aeee,Johnathan,Labadie,Gussie.Gusikowski@hotmail.com,admin,Data Science,xW1GlxovVq57YVn,0
6706701a98ac07710c36aeef,Liana,Mante,Ayden_Ratke98@yahoo.com,admin,Full Stack,Q9P5CpAq0VaM6Gb,0
6706701a98ac07710c36aef0,Barrett,Dach,Dominique63@hotmail.com,admin,Data Engineering,5WuqdMiG0_Dulkj,0
6706701a98ac07710c36aef1,Milo,Greenfelder,Cathryn9@yahoo.com,admin,Full Stack,JLjqfFLosaNO2rt,0
6706701a98ac07710c36aef2,Camron,Schmidt-Rodriguez,Dena38@yahoo.com,admin,Data Science,K_0eSBLC2npN0fs,0
6706701a98ac07710c36aef3,Peter,Schmitt,Remington.Hoppe19@hotmail.com,admin,Data Science,Qwm1K4ZX03HUCm1,0
6706701a98ac07710c36aef4,Katarina,Leannon,Shanon_Wehner81@hotmail.com,employee,Data Science,19SoOJ7PFN_8h5c,0
6706701a98ac07710c36aef5,Johathan,Prosacco,Maryse42@yahoo.com,employee,Data Science,H23pNhsKWfz6Q1b,0
6706701a98ac07710c36aef6,Rachael,Jenkins,Webster75@yahoo.com,admin,Full Stack,eAB1FzJZZtFdp3r,0
6706701a98ac07710c36aef7,Sincere,Nader,Sierra.Johns99@gmail.com,employee,Data Science,aYmg3SPRd4ewHTu,0
6706701a98ac07710c36aef8,Napoleon,Jerde,Easter.Schmidt@hotmail.com,employee,Data Science,VmRCQUeZwsQXjd3,0
6706701a98ac07710c36aef9,Gideon,Langosh-Abernathy,Deangelo91@gmail.com,employee,Full Stack,u8t8AGuy78cwoHX,0
6706701a98ac07710c36aefa,Princess,Fisher,Arlo_Lueilwitz13@hotmail.com,admin,Data Science,9yF8L3Ms7kf1s4G,0
6706701a98ac07710c36aefb,Francis,Weber,Urban58@yahoo.com,employee,Full Stack,7sXinUF5YsZkLqq,0
6706701a98ac07710c36aefc,Devonte,Gerhold,Lewis.Hayes@gmail.com,admin,Full Stack,p9flBclpkQadVqH,0
6706701a98ac07710c36aefd,Owen,O'Keefe,Kade75@gmail.com,employee,Full Stack,854iSwN_81zzOAT,0
6706701a98ac07710c36aefe,Alexandrine,Daniel,Ewald_Dooley18@hotmail.com,admin,Data Engineering,BMF9movtDx7qCxj,0
6706701a98ac07710c36aeff,Trace,Harber,Tressie_Reinger@gmail.com,admin,Data Engineering,Nm9eqSNEMUYY8cX,0
6706701a98ac07710c36af00,Lisette,Paucek,Hilton.Jakubowski@hotmail.com,employee,Full Stack,7HsF6MxuBORkKaX,0
6706701a98ac07710c36af01,Ines,Breitenberg,Connie_Purdy@hotmail.com,employee,Data Engineering,LF1OZxVNuGk9C5n,0
6706701a98ac07710c36af02,Shanel,Bogisich,Name44@yahoo.com,employee,Full Stack,2nRuvrzSgD5FAAk,0
6706701a98ac07710c36af03,Hollie,Nader,Stevie_Emmerich19@gmail.com,employee,Data Engineering,F_EkIotX4cfby44,0
6706701a98ac07710c36af04,Kathryne,Fadel,Marcel_Ledner@hotmail.com,admin,Data Science,nL9drNU40LGhuKF,0
6706701a98ac07710c36af05,Cindy,Heathcote,Derick77@hotmail.com,employee,Data Science,iB4QGZmh_Thk1qI,0
6706701a98ac07710c36af06,Nova,Kozey,Deangelo_Wilderman81@hotmail.com,employee,Full Stack,1xUBfhVoaEQpadm,0
6706701a98ac07710c36af07,Kirk,Schimmel,Wallace.Cronin71@yahoo.com,employee,Full Stack,zsJZlxevKms83Xy,0
6706701a98ac07710c36af08,Bert,Harber,Alicia.Walker@hotmail.com,employee,Full Stack,1F4OSfk9VBFEDFg,0
6706701a98ac07710c36af09,Roxanne,Shields,Moshe22@hotmail.com,admin,Data Science,5rCj7p0BeH1l4oi,0
6706701a98ac07710c36af0a,Christophe,Kub,Kaylie.Streich@hotmail.com,employee,Data Science,T1j17h4HnJ7gCFP,0
6706701a98ac07710c36af0b,Lambert,Thiel,Garland_Morissette@yahoo.com,admin,Data Science,2mcwisJ8xPtVTgI,0
6706701a98ac07710c36af0c,Hazle,Conn,Claude25@gmail.com,admin,Data Engineering,dCiY5nu2LL5UTMW,0
6706701a98ac07710c36af0d,Elmo,Grady,Oceane9@gmail.com,employee,Data Science,p6T1WWRfd74reDm,0
6706701a98ac07710c36af0e,Cicero,Shanahan,Modesto_Tromp@hotmail.com,admin,Data Science,4B37pSZuabuZLnX,0
6706701a98ac07710c36af0f,Oral,Wilderman,Camille_Muller@hotmail.com,admin,Data Engineering,amIZSK1tWe0fqMw,0
6706701a98ac07710c36af10,Evalyn,Hand,Justyn_Kreiger@yahoo.com,employee,Full Stack,PWCHgXp8sHzHY2i,0
6706701a98ac07710c36af11,Mallie,Nikolaus,Alexandre.Runolfsson@yahoo.com,employee,Data Science,wrdUkkNOCfMQm0y,0
6706701a98ac07710c36af12,Gloria,Skiles,Gwen_Nikolaus18@yahoo.com,admin,Data Engineering,KHvBHkiOYPGdZGC,0
6706701a98ac07710c36af13,Chase,Goldner,Tristian_Farrell34@gmail.com,admin,Data Engineering,nziVZGE02egMwNq,0
6706701a98ac07710c36af14,Meda,Leffler,Demond_King2@yahoo.com,employee,Full Stack,QvFQwrWh5V_yuL9,0
6706701a98ac07710c36af15,Glennie,Streich,Joelle.Legros@hotmail.com,employee,Data Engineering,fHuZu4OMHxSdiJT,0
6706701a98ac07710c36af16,Delta,Ryan,Clement98@yahoo.com,admin,Data Science,aDIsimIUBw71QGC,0
6706701a98ac07710c36af17,Glenna,Hermiston,Oceane_Cronin@gmail.com,employee,Data Engineering,7HLHUCqKHvNazce,0
6706701a98ac07710c36af18,Nya,Dicki,Micaela92@yahoo.com,employee,Full Stack,oz_KsB2Iw1iiTgp,0
6706701a98ac07710c36af19,Janis,Beer,Arvel.Pollich55@yahoo.com,admin,Data Engineering,YXzMTKD8Dd9qVpG,0
6706701a98ac07710c36af1a,Lori,Luettgen,Nyasia65@yahoo.com,employee,Data Science,jFGLACOek7fQd3v,0
6706701a98ac07710c36af1b,Lester,Stroman,Verdie_Huel57@gmail.com,admin,Data Science,kBDnzciw5DHjdKF,0
6706701a98ac07710c36af1c,Hayley,Streich,Rocio22@yahoo.com,admin,Full Stack,7E3AqxqWrgts65u,0
6706701a98ac07710c36af1d,Kieran,Flatley-Orn,Jettie.Dooley@gmail.com,employee,Full Stack,hfUK9LfyWWsMpvH,0
6706701a98ac07710c36af1e,Carlie,Ortiz,Maryam_Nienow@gmail.com,employee,Full Stack,cvDHhFzOUVBgnPh,0
6706701a98ac07710c36af1f,Heath,Erdman,Brenden57@yahoo.com,employee,Data Science,lODk1i_9Uv1bEXT,0
6706701a98ac07710c36af20,Winston,Jones,Ahmad.Jast@hotmail.com,employee,Data Science,6RkPJ_W9sCBPflF,0
6706701a98ac07710c36af21,Bella,Turcotte,Liam.Schultz@yahoo.com,admin,Data Science,wQWQgqSY_T9KTeM,0
6706701a98ac07710c36af22,Paxton,Hayes,Arnold.Koss52@yahoo.com,admin,Data Engineering,6A4wra6eFCv8PNd,0
6706701a98ac07710c36af23,Chet,Leffler,Rory_Ullrich@gmail.com,employee,Data Science,51Vo8cgLjNovsaM,0
6706701a98ac07710c36af24,Jarvis,Mertz,Rosalyn.Kiehn@gmail.com,admin,Full Stack,enV_riDGIs442Pr,0
6706701a98ac07710c36af25,Frederique,Stark,Elisabeth_Frami@gmail.com,admin,Data Engineering,fLoYf4jdr1d1xYI,0
6706701a98ac07710c36af26,Nathanael,Homenick,Irving23@hotmail.com,employee,Data Science,zOSzgUtyn8RuHW2,0
6706701a98ac07710c36af27,Deonte,Dibbert,Aurelio.Balistreri@yahoo.com,admin,Data Engineering,xW3uhnj9Ire6ulH,0
6706701a98ac07710c36af28,Zackery,Kub,Genevieve98@hotmail.com,admin,Data Engineering,sP2pPdne0UMMDtN,0
6706701a98ac07710c36af29,Dayna,Pouros,Carrie73@yahoo.com,admin,Data Engineering,zipro33z8fTGu2f,0
6706701a98ac07710c36af2a,Deborah,Stokes,Levi30@yahoo.com,employee,Full Stack,bHZfrRhotYlhDrT,0
6706701a98ac07710c36af2b,Abdul,Brown,Elena_Blanda@gmail.com,admin,Data Science,anTi2AuSB62XFcQ,0
6706701a98ac07710c36af2c,Lenore,Wiza,Justine_Kemmer@hotmail.com,admin,Data Engineering,b1F49lqXguEKfED,0
6706701a98ac07710c36af2d,Solon,Howe,Hailie.Mayert28@yahoo.com,employee,Data Science,12pUOPRk090BBgC,0
6706701a98ac07710c36af2e,Earl,Streich,Francisco19@gmail.com,admin,Data Science,77sRDUEQiSPJ7ED,0
6706701a98ac07710c36af2f,Andreane,Schneider,Ewald_Hartmann86@yahoo.com,admin,Data Engineering,3mfOEZAgIDciiAn,0
6706701a98ac07710c36af30,Dovie,Cronin,Clemmie.Heidenreich@gmail.com,employee,Data Science,ypbDJdF4QMkrXm1,0
6706701a98ac07710c36af31,Lilliana,Rippin,Luis_Runolfsdottir93@yahoo.com,admin,Data Engineering,45SBx4iQIQCGSbw,0
6706701a98ac07710c36af32,Marie,Fay,Bobbie84@hotmail.com,employee,Full Stack,6T69pyfyA5hlyc9,0
6706701a98ac07710c36af33,Emie,Dietrich,Dorothy5@yahoo.com,admin,Full Stack,8B187ooPb8Tcl51,0
6706701a98ac07710c36af34,Gussie,Hermiston,Alvis53@gmail.com,admin,Data Science,jP4d9ldHevTd6Z3,0
6706701a98ac07710c36af35,Royal,Torp,Grant45@hotmail.com,admin,Data Engineering,CPP5bRxLHafaAbl,0
6706701a98ac07710c36af36,Emmanuel,Harris,Marge.Sawayn-Mueller@yahoo.com,employee,Full Stack,06t_ZjXyw7m1ESC,0
6706701a98ac07710c36af37,Delaney,O'Reilly,Adan.Halvorson86@yahoo.com,admin,Data Science,OIMPC6haP3X2h3y,0
6706701a98ac07710c36af38,Lawson,Kunze,Salvador_Gulgowski@yahoo.com,employee,Data Engineering,_C2iMT2RgMru9ny,0
6706701a98ac07710c36af39,Jordane,Boehm,Piper92@gmail.com,admin,Full Stack,mDUZcZ32uBtnHw1,0
6706701a98ac07710c36af3a,Rex,Bosco,Nash31@yahoo.com,admin,Data Engineering,BNeq8pDUDaMle4Z,0
6706701a98ac07710c36af3b,Keenan,Walsh,Nola_Buckridge27@gmail.com,employee,Full Stack,cV21OnlmlZUzEVV,0
6706701a98ac07710c36af3c,Winifred,Crooks,Jerel60@yahoo.com,admin,Data Engineering,RBg_IstRJ6pWgtm,0
6706701a98ac07710c36af3d,Leonardo,Wunsch,Dena17@yahoo.com,employee,Full Stack,Zb4kHZZZlLDszVK,0
6706701a98ac07710c36af3e,Jared,Pfeffer,Ian94@hotmail.com,employee,Data Science,_J8OT9soO6t3PtN,0
6706701a98ac07710c36af3f,Rachelle,Volkman,Rosemarie.Emard83@hotmail.com,employee,Data Science,pHMkZVv4KWnBtZ4,0
6706701a98ac07710c36af40,Eldred,Emmerich,Jerald.Dickinson78@yahoo.com,admin,Full Stack,fGMu5pJAJqsze9N,0
6706701a98ac07710c36af41,Zack,Mohr,Kole_West@gmail.com,employee,Data Science,CeFf_RDUrM7ZbzC,0
6706701a98ac07710c36af42,Carolyne,Lemke,Cydney38@gmail.com,employee,Data Engineering,FApacKaeicR3aXb,0
6706701a98ac07710c36af43,Baby,Kulas,Aliyah.Toy16@hotmail.com,employee,Data Science,fvOe85a4ax8wAiC,0
6706701a98ac07710c36af44,Krystal,Fisher,Sven24@gmail.com,employee,Full Stack,Ast14qcbXcn4FFD,0
6706701a98ac07710c36af45,Dedric,Hartmann,Sydney.Price@hotmail.com,admin,Data Engineering,T_ROPH6wiCBnWHx,0
6706701a98ac07710c36af46,Marge,Halvorson,Kyle_Hammes-Sporer21@hotmail.com,admin,Data Engineering,rn3d9gHiUh5E3Iu,0
6706701a98ac07710c36af47,Herminia,Hane,Joseph96@yahoo.com,admin,Data Engineering,RvATgnZyBGps5Li,0
6706701a98ac07710c36af48,Odessa,Howe,Maida_Zemlak80@yahoo.com,admin,Data Engineering,644RooaP19oE_cq,0
6706701a98ac07710c36af49,Casper,Berge,Leann.Bayer17@gmail.com,admin,Data Engineering,LGXvlegiifD4g6K,0
6706701a98ac07710c36af4a,Hermina,Hoeger-Kuvalis,Archibald.Bosco73@hotmail.com,employee,Data Science,PPzMf0m_djIrq7r,0
6706701a98ac07710c36af4b,Shirley,Bednar,Braden.Aufderhar74@yahoo.com,admin,Full Stack,Zhwk_EO7jQ6fFvh,0
6706701a98ac07710c36af4c,Johnathon,Pfannerstill,Shannon96@yahoo.com,employee,Full Stack,4c3LkJ8E3to_nx0,0
6706701a98ac07710c36af4d,Aracely,Ziemann,Raegan.Macejkovic19@hotmail.com,employee,Data Science,MZUB1rIdBHUMgtk,0
6706701a98ac07710c36af4e,Damion,Hagenes,Jaquan_Fadel49@yahoo.com,admin,Full Stack,6pfqOuf4gKykZaX,0
6706701a98ac07710c36af4f,Virgie,Kertzmann,Roger_Stark57@yahoo.com,employee,Data Engineering,5I62mrivxWC9Y9W,0
6706701a98ac07710c36af50,Robbie,Cummings,Cierra.Ledner40@hotmail.com,admin,Full Stack,JFqXkV2fhgSKbxf,0
6706701a98ac07710c36af51,Phyllis,Wunsch,Jazmin58@gmail.com,employee,Data Engineering,xIdgpXkiebx1YYM,0
6706701a98ac07710c36af52,Jonathan,Nicolas,Jasmin_Hamill75@yahoo.com,admin,Full Stack,i4pQPjKJej0awJw,0
6706701a98ac07710c36af53,Melody,Bednar,Godfrey_Dooley50@yahoo.com,admin,Data Engineering,vtVvwqbvXal3G3i,0
6706701a98ac07710c36af54,Rita,Leuschke,Santina.Leannon-Flatley@hotmail.com,admin,Data Science,ue36PX9XpdpjVm6,0
6706701a98ac07710c36af55,Jade,Mitchell,Elaina65@yahoo.com,employee,Data Engineering,edAXtIg2ZMG4FB4,0
6706701a98ac07710c36af56,Kaci,Breitenberg,Mckayla_Nitzsche54@gmail.com,employee,Data Engineering,BR1LqdAT9n5Mnfl,0
6706701a98ac07710c36af57,Ricky,Aufderhar,Darrin_Watsica25@hotmail.com,admin,Data Engineering,ZyeD7LqoaPfGTV0,0
6706701a98ac07710c36af58,Adolphus,Roberts,Kailyn_Kovacek25@hotmail.com,admin,Data Engineering,oiFzUUC6sKKSAqe,0
6706701a98ac07710c36af59,Makenna,O'Conner,Delta90@yahoo.com,admin,Data Science,bdp_exAo6NM57ET,0
6706701a98ac07710c36af5a,Cora,Olson,Alexandro68@gmail.com,employee,Full Stack,9Fr_alqgXkB11Sq,0
6706701a98ac07710c36af5b,Hannah,Conn,Alisha.Cormier68@hotmail.com,employee,Full Stack,faRXtL2T8rpU5_Y,0
6706701a98ac07710c36af5c,Mikel,Kuhn,Cloyd_Pagac72@hotmail.com,employee,Data Science,XRy2EavdPaaiRoF,0
6706701a98ac07710c36af5d,Marcelina,Volkman,Carey_Grady18@gmail.com,employee,Data Engineering,8Wibd0M4YIZnRuT,0
6706701a98ac07710c36af5e,Otis,Schumm,Francisca_Brekke97@gmail.com,employee,Full Stack,CE452WD5xWSqSx6,0
6706701a98ac07710c36af5f,Isaias,Frami,Loy68@gmail.com,employee,Data Science,u4QBwbgP4ZxK4U1,0
6706701a98ac07710c36af60,Rebeca,Luettgen-Nienow,Toby89@yahoo.com,employee,Data Engineering,weDVG8cLX2n5dhg,0
6706701a98ac07710c36af61,Hipolito,Tremblay,Madelyn29@gmail.com,employee,Data Science,jQQBHqEIfL7pocd,0
6706701a98ac07710c36af62,Albertha,Padberg,Ray.Pacocha@hotmail.com,employee,Data Science,pF6F7MLSLZUYEsl,0
6706701a98ac07710c36af63,Alena,Dickens,Vena_Johnston@hotmail.com,employee,Data Engineering,IQ8JRFHMq5pLvGY,0
6706701a98ac07710c36af64,Kendra,Leannon,Keely.Wilkinson76@yahoo.com,admin,Full Stack,1R49kvcgxxJbnri,0
6706701a98ac07710c36af65,Zakary,Lemke,Geo.Schneider-Senger75@yahoo.com,employee,Full Stack,JRika7Fu0_KHnOC,0
6706701a98ac07710c36af66,Allene,Ullrich,Elena.Towne95@gmail.com,admin,Data Science,GrJG9ZPIXGPYV8Y,0
6706701a98ac07710c36af67,Tristian,Grady,Anabel.Prosacco@gmail.com,admin,Data Science,oOBDlKF405E9uTq,0
6706701a98ac07710c36af68,Stella,Erdman,Ed.Johns27@gmail.com,admin,Full Stack,mSnuX9VFxse0dLC,0
6706701a98ac07710c36af69,Elmer,Swaniawski,Dianna.Olson-Becker@hotmail.com,admin,Data Science,6Hxc3ycV4HyKVxE,0
6706701a98ac07710c36af6a,Harry,Kreiger,Hayley63@hotmail.com,employee,Full Stack,y6MCeVsDe_HKvUu,0
6706701a98ac07710c36af6b,Charley,Waelchi,Oceane21@yahoo.com,admin,Full Stack,vpREx5J2zq7nQcF,0
6706701a98ac07710c36af6c,Stephany,O'Hara,Gail.Stokes@yahoo.com,admin,Data Engineering,KiNr8qTPmpL_i2y,0
6706701a98ac07710c36af6d,Elias,Pfannerstill,Hank.Cartwright12@gmail.com,employee,Data Engineering,JSUwPx1L_r1kx9t,0
6706701a98ac07710c36af6e,Victoria,Schowalter,Lura33@yahoo.com,employee,Data Engineering,1oEjcIoEriXzWEE,0
6706701a98ac07710c36af6f,Jalon,Hagenes,Harmony.Cruickshank65@hotmail.com,admin,Full Stack,qOztrU4Nbti3n_c,0
6706701a98ac07710c36af70,Dorian,Kovacek-Hodkiewicz,Simone.Wisozk19@gmail.com,employee,Data Science,iMOLGVzBO1VTKxn,0
6706701a98ac07710c36af71,Amparo,Gulgowski,Karolann_Gislason@gmail.com,admin,Full Stack,T5tc_tvmC7q6nwZ,0
6706701a98ac07710c36af72,Shaun,Keebler,Jerrell_Weissnat6@gmail.com,admin,Data Science,E80JBeWT2Gbu1hA,0
6706701a98ac07710c36af73,Alysa,Hartmann,Aubrey_Baumbach74@yahoo.com,employee,Full Stack,d_MjINdAxO7jXYd,0
6706701a98ac07710c36af74,Elvera,Hoppe,Vernice.Hoppe36@gmail.com,employee,Data Science,NdO8h8jQ6teVzIQ,0
6706701a98ac07710c36af75,Obie,Franey,Jasen51@gmail.com,employee,Data Engineering,CBbV1hUyZ9LS0e8,0
6706701a98ac07710c36af76,Willie,Deckow,Myron_Leuschke95@gmail.com,admin,Data Science,yh2XzpOFF8yU7Oj,0
6706701a98ac07710c36af77,Maritza,Schultz,Howell_Schuster@gmail.com,employee,Full Stack,p8bHAUbVzz0nAe3,0
6706701a98ac07710c36af78,Beryl,Jacobson,Efren.Rodriguez84@gmail.com,employee,Data Science,F4hpm68h8cEEZwF,0
6706701a98ac07710c36af79,Demario,Koss-Wintheiser,Pietro_Blanda0@hotmail.com,admin,Data Engineering,YvcIPDzgtGuUjF_,0
6706701a98ac07710c36af7a,Sean,Predovic,Asa.Stokes57@yahoo.com,admin,Full Stack,pJNVLy128zKjXUT,0
6706701a98ac07710c36af7b,Hilma,Koepp,Kamryn17@hotmail.com,admin,Full Stack,8hgavFpsgqD9EB6,0
6706701a98ac07710c36af7c,Tatyana,Stoltenberg,Franco93@gmail.com,admin,Data Science,wDTCq5monT5vZgy,0
6706701a98ac07710c36af7d,Tressa,Oberbrunner,Opal_Gusikowski72@yahoo.com,employee,Data Engineering,NKqOGtAieKnEGBr,0
6706701a98ac07710c36af7e,Liliane,Koepp,Arnoldo56@yahoo.com,employee,Data Science,Pw29ZRZXuXK2a5y,0
6706701a98ac07710c36af7f,Opal,Barton,Billy.Gerlach74@hotmail.com,employee,Data Engineering,bwkKheqHeJMSWeR,0
6706701a98ac07710c36af80,Clementine,Hayes,Sonny41@gmail.com,admin,Data Engineering,1j9sRFlh1TpBeRC,0
6706701a98ac07710c36af81,Caesar,Terry-Parker,Layne28@hotmail.com,admin,Data Engineering,PeT81LhQxqhWQP0,0
6706701a98ac07710c36af82,Juana,Goodwin,Arvel_Schuppe28@yahoo.com,employee,Full Stack,syyjBiNaS4S1JGz,0
6706701a98ac07710c36af83,Darrel,Stracke,Mina_Nienow74@yahoo.com,admin,Data Engineering,5xWzaqHr0jnOHMC,0
6706701a98ac07710c36af84,Dolores,Macejkovic,Lurline71@gmail.com,employee,Data Science,htKNjMrAgl0vUeZ,0
6706701a98ac07710c36af85,Cheyanne,Runolfsson,Retta.Fay18@yahoo.com,admin,Data Science,oQtHGKGI1pHohW9,0
6706701a98ac07710c36af86,Simone,Nikolaus,Berniece67@yahoo.com,admin,Data Engineering,HLanORzRUwALkaV,0
6706701a98ac07710c36af87,Idella,O'Hara,Reagan.Grimes@yahoo.com,employee,Full Stack,y0qugaYy1WScycf,0
6706701a98ac07710c36af88,Gerson,Moore,Rusty.Farrell@gmail.com,employee,Data Engineering,mNeOqjZb7JK_UT4,0
6706701a98ac07710c36af89,Lukas,Schaefer-Becker,Lance18@gmail.com,employee,Data Science,gy8j7ux3q8ae2u_,0
6706701a98ac07710c36af8a,Gonzalo,Corwin,Ilene50@hotmail.com,admin,Data Science,uHPrSe2QNlaSexG,0
6706701a98ac07710c36af8b,Rickie,Kutch,Arden96@hotmail.com,employee,Data Science,SRzhGbxtl4Mm5bM,0
6706701a98ac07710c36af8c,Nicholaus,Botsford,Helen.Halvorson59@yahoo.com,employee,Data Engineering,skotKTNhiYAVjcN,0
6706701a98ac07710c36af8d,Amanda,Kulas,Elisabeth_Runolfsson@hotmail.com,admin,Full Stack,1iYbA7bkTy64Nha,0
6706701a98ac07710c36af8e,Yessenia,Swaniawski,Dillan69@gmail.com,employee,Full Stack,eF5QXtIb0N3iFqG,0
6706701a98ac07710c36af8f,Caesar,Feil,Walter46@yahoo.com,employee,Data Science,8m559o5iayYTspm,0
6706701a98ac07710c36af90,Sydni,Tremblay,Asia44@gmail.com,admin,Full Stack,1HIjh7kDaAdNggc,0
6706701a98ac07710c36af91,Eldred,Abbott,Horacio1@yahoo.com,admin,Full Stack,ZIw3PYfE8dpSqPU,0
6706701a98ac07710c36af92,Giovanna,Bahringer,Mayra49@yahoo.com,employee,Data Science,aFANlCY33OCYoGS,0
6706701a98ac07710c36af93,Virginia,Kerluke,Brody71@yahoo.com,admin,Data Engineering,oeD0NRCOjJNOGnG,0
6706701a98ac07710c36af94,Sylvia,Williamson,Isom57@gmail.com,admin,Data Science,fTUMQAtRjcHqGcw,0
6706701a98ac07710c36af95,Liam,Stiedemann,Urban78@hotmail.com,admin,Data Engineering,b8gQNSirBqkgp8c,0
6706701a98ac07710c36af96,Samantha,Walter,Halle41@gmail.com,admin,Full Stack,iQjpBFcgkLKqI7I,0
6706701a98ac07710c36af97,Lenora,Fahey,Louvenia.Stracke78@yahoo.com,employee,Full Stack,rgNGfGv2OGyI96T,0
6706701a98ac07710c36af98,Yazmin,Koss,Alden.Sporer59@yahoo.com,employee,Full Stack,QQ5Z7oMkxyb9ekx,0
6706701a98ac07710c36af99,Gilberto,Auer,Gilberto.Lebsack86@gmail.com,employee,Full Stack,xrH49VXJ3ziCAY7,0
6706701a98ac07710c36af9a,Angela,Upton,Edgar.Batz6@hotmail.com,employee,Data Engineering,scTilcyyu0q3CAQ,0
6706701a98ac07710c36af9b,Arnoldo,Witting,Margaret.Dach-Stokes@hotmail.com,employee,Data Science,9G551GLii_KCVdA,0
6706701a98ac07710c36af9c,Hailee,Crooks,Kade11@yahoo.com,admin,Data Science,wOQujR1pG6gojK2,0
6706701a98ac07710c36af9d,Paul,Hickle,Estevan50@hotmail.com,admin,Data Engineering,LVGnH7YKAkRxIR9,0
6706701a98ac07710c36af9e,Kaelyn,Torp-Rath,Montana85@gmail.com,employee,Full Stack,WNMCyCzwStD8NJ0,0
6706701a98ac07710c36af9f,Rogers,Bernhard,Trevion_Prohaska@yahoo.com,employee,Data Science,6ZGXxd3PXzJr0iI,0
6706701a98ac07710c36afa0,Abdul,Macejkovic,Krystal.Mante89@yahoo.com,admin,Full Stack,txac7YqXdJYuSdx,0
6706701a98ac07710c36afa1,Lambert,Jakubowski,Margarita_Funk@hotmail.com,admin,Full Stack,fS_5IOmZCgHfG0n,0
6706701a98ac07710c36afa2,Josiane,Schimmel,Alyce.Kulas6@hotmail.com,employee,Data Science,viapwhqoiJTZYo3,0
6706701a98ac07710c36afa3,Gregg,Zemlak,Geoffrey.Kozey@yahoo.com,employee,Data Engineering,Oq2btFJy3GZuD9v,0
6706701a98ac07710c36afa4,Kenton,Lynch,Karina.Hickle34@gmail.com,employee,Full Stack,HwfEqq0AaHfxwMx,0
6706701a98ac07710c36afa5,Makenna,Mueller,Bill_Dickens@yahoo.com,admin,Full Stack,traXbLBbFi6sJDp,0
6706701a98ac07710c36afa6,Muriel,Harris,Jeffry.Smitham@hotmail.com,employee,Data Engineering,Gc92ttlrouD8uEA,0
6706701a98ac07710c36afa7,Cyrus,Moen,Omer.Kiehn@yahoo.com,admin,Full Stack,Rux87LzfRUBE3vF,0
6706701a98ac07710c36afa8,Vern,Schmidt,Harrison_Kozey@gmail.com,employee,Data Engineering,d0gnALmIhtBHY73,0
6706701a98ac07710c36afa9,Aaliyah,Miller,Carol_Witting@gmail.com,employee,Data Engineering,ggfVJrs76nSxA2P,0
6706701a98ac07710c36afaa,Lauretta,Crona,Ron_Bins@gmail.com,employee,Data Engineering,92il90jdsgRpBws,0
6706701a98ac07710c36afab,Destin,Brekke,Lowell.Crist@hotmail.com,employee,Data Science,tg__8JWIvpejInK,0
6706701a98ac07710c36afac,Dorris,Bayer,Lyla85@gmail.com,employee,Data Engineering,M_W48M2rTmDJKT8,0
6706701a98ac07710c36afad,Jody,Lemke,Candice_Schiller@hotmail.com,employee,Data Science,GRaMU3si5y0C9ce,0
6706701a98ac07710c36afae,Ubaldo,Bradtke,Eveline.Homenick@gmail.com,admin,Data Science,DXUAblzIrObZnvp,0
6706701a98ac07710c36afaf,Darren,Lang,Aylin.Waters@hotmail.com,employee,Full Stack,eVQCYGZDu9iKcIT,0
6706701a98ac07710c36afb0,Clarissa,Kozey-Jacobs,Emilio.Parker1@yahoo.com,employee,Full Stack,NikUjDs7QnsM3jy,0
6706701a98ac07710c36afb1,Austin,Sipes,Joanny.Hickle@gmail.com,employee,Full Stack,zKr0RoEZQJoQ48q,0
6706701a98ac07710c36afb2,Matteo,Quigley,Lucio_Orn@yahoo.com,admin,Data Engineering,rDYSeydnwENRNLj,0
6706701a98ac07710c36afb3,Malika,Davis,Marco_Welch@gmail.com,admin,Data Engineering,Ls7RGWYR2oWTHib,0
6706701a98ac07710c36afb4,Hilda,Kling,Jettie.Little@yahoo.com,admin,Full Stack,LqmvYKJMo6PQH5y,0
6706701a98ac07710c36afb5,Jamie,Hills-Vandervort,Gunner_Abernathy85@yahoo.com,admin,Data Science,SrwX7eLGrNRFBoH,0
6706701a98ac07710c36afb6,Kurt,O'Reilly,Amie_Christiansen@yahoo.com,employee,Full Stack,sDQBOev4QSWkk63,0
6706701a98ac07710c36afb7,Casandra,Kreiger,Lydia39@hotmail.com,admin,Full Stack,OeT4xonBaoqzgzR,0
6706701a98ac07710c36afb8,Julia,O'Connell,Amina73@gmail.com,admin,Data Science,mn5Z1j4NFhc6ndv,0
6706701a98ac07710c36afb9,Adriel,Berge,Anissa.Lueilwitz@hotmail.com,admin,Data Science,tze0yd9MbpuA5ql,0
6706701a98ac07710c36afba,Oliver,Block,Deanna_Maggio93@gmail.com,admin,Data Science,vV_yURrcJJYwmVc,0
6706701a98ac07710c36afbb,Camryn,Jaskolski,Carlo.DuBuque@hotmail.com,employee,Data Engineering,ms7oNaDUXlPCSvh,0
6706701a98ac07710c36afbc,Noel,Daugherty,Lisette.Hand54@yahoo.com,admin,Full Stack,dJlfmixbjyIu0_c,0
6706701a98ac07710c36afbd,Isabelle,Hyatt,Kyla_West@hotmail.com,employee,Full Stack,JJq7WYhcE53tE5U,0
6706701a98ac07710c36afbe,Martine,Trantow,Vern45@yahoo.com,employee,Data Engineering,s7V35QVjHXW9tVY,0
6706701a98ac07710c36afbf,Cathrine,Block-Wiza,Kareem_Jast@hotmail.com,admin,Full Stack,O6DnwU9jSV307aS,0
6706701a98ac07710c36afc0,Wilber,Halvorson,Elsie.Bauch@yahoo.com,employee,Data Engineering,ciy5O6qgZWALmnJ,0
6706701a98ac07710c36afc1,Mauricio,Rice,Salvador_Lemke@hotmail.com,admin,Full Stack,ohHC1EsukHldH8S,0
6706701a98ac07710c36afc2,Dejon,Windler,Estella.Osinski@gmail.com,admin,Data Science,khkeUOYDWmZ8IAi,0
6706701a98ac07710c36afc3,Harold,Dibbert,Cleo38@hotmail.com,employee,Data Engineering,flJ4CzkmTARgZpZ,0
6706701a98ac07710c36afc4,Oren,Bayer,Hilda_Abernathy@gmail.com,admin,Full Stack,0xVRKOQZY_6NMkK,0
6706701a98ac07710c36afc5,Maximilian,Schmitt,Armani.DuBuque87@yahoo.com,employee,Data Science,wPQS5bZm0Y2Sdqs,0
6706701a98ac07710c36afc6,Burley,Hahn,Blanche57@hotmail.com,employee,Full Stack,dcdP1mAM12OUerz,0
6706701a98ac07710c36afc7,Jimmy,Bernier,Ellen21@yahoo.com,admin,Data Engineering,thR5Jr_5Eq78wD8,0
6706701a98ac07710c36afc8,Sigrid,Pacocha,Katrine.Little17@gmail.com,admin,Full Stack,lMJOCgs2pjMscT3,0
6706701a98ac07710c36afc9,Chasity,Tillman,Melissa36@gmail.com,admin,Data Engineering,IYWeMG1WgZkf4Bk,0
6706701a98ac07710c36afca,Micheal,Luettgen,Elmore21@hotmail.com,admin,Data Engineering,SzPz5CCHb2CDUyn,0
6706701a98ac07710c36afcb,Isaiah,Torp,Reinhold52@yahoo.com,employee,Full Stack,RGjeNz3oMCVcgxs,0
6706701a98ac07710c36afcc,Zoie,Schneider,Dayna23@gmail.com,employee,Data Science,UJ4K0qYSe2lHQax,0
6706701a98ac07710c36afcd,Porter,Romaguera,Roberto.Wisozk@hotmail.com,admin,Data Engineering,FQV6M5dAURqYmFo,0
6706701a98ac07710c36afce,Chesley,Quigley,Doug.Bosco@hotmail.com,employee,Data Engineering,szzWnQyOadfVLx7,0
6706702e2ce0cd253f1fa348,Admin,mehta,admin@test1.com,admin,,$2b$10$8wsXmklP.8vEblFQIAguYeQmuRAnxiD5OktPkpoYpBSg7SPGlCIFK,0
670670c52ce0cd253f1fa4d1,purnima,kabadwal,purnimakabadwal3@gmail.com,employee,Data Science,$2a$10$u6vZpkfcb/wEHmv2Iiu3s.LsXcrl8SLaVjmUYDUETVrsHiHkM6ene,0
